{"playerPosition":{"x":-21.868396759033204,"y":0.06885790824890137,"z":-8.519049644470215}}